,Latitude,Longitude,Class,EventDays,OutsideEvent
1672,59.456944444444446,29.656944444444463,1.0,0.0,True
1674,59.331944444444446,29.631944444444457,3.0,0.0,True
1676,59.206944444444446,29.640277777777783,3.0,0.0,True
1678,59.081944444444446,29.637500000000017,3.0,0.0,True
1740,57.20972222222224,34.74027777777778,3.0,0.0,True
1754,57.08472222222224,34.86527777777778,3.0,0.0,True
2130,50.212500000000006,9.873611111111131,3.0,0.0,True
2132,50.212500000000006,10.162499999999994,1.0,0.0,True
2134,50.212500000000006,10.412499999999994,1.0,0.0,True
2136,50.212500000000006,16.870833333333337,4.0,0.0,True
2138,50.212500000000006,17.134722222222223,3.0,0.0,True
2152,50.087500000000006,9.868055555555571,2.0,0.0,True
2154,50.087500000000006,9.998611111111131,1.0,0.0,True
2156,50.087500000000006,10.259722222222225,1.0,0.0,True
2158,50.087500000000006,16.745833333333337,2.0,0.0,True
2160,50.087500000000006,17.03472222222223,4.0,0.0,True
2162,50.087500000000006,17.245833333333337,4.0,0.0,True
2176,49.962500000000006,10.226388888888891,1.0,0.0,True
2178,49.95972222222224,10.445833333333354,1.0,0.0,True
2180,49.73472222222222,10.320833333333354,1.0,0.0,True
2182,49.71527777777777,9.873611111111131,1.0,0.0,True
2184,49.71527777777777,10.284722222222229,1.0,0.0,True
2186,49.59027777777777,9.848611111111126,1.0,0.0,True
2188,49.445833333333326,12.426388888888908,4.0,0.0,True
2190,49.34027777777777,12.304166666666674,4.0,0.0,True
2194,49.20972222222224,9.315277777777794,1.0,0.0,True
2196,49.21527777777777,13.120833333333335,4.0,0.0,True
2198,49.21527777777777,13.398611111111109,4.0,0.0,True
2200,49.212500000000006,13.668055555555554,2.0,0.0,True
2202,49.21527777777777,14.30694444444444,4.0,0.0,True
2204,49.1625,14.515277777777785,4.0,0.0,True
2206,49.09027777777777,13.120833333333335,4.0,0.0,True
2208,49.09027777777777,13.370833333333335,4.0,0.0,True
2210,49.09027777777777,13.620833333333335,4.0,0.0,True
2212,49.09027777777777,13.945833333333354,2.0,0.0,True
2214,49.09027777777777,14.390277777777785,4.0,0.0,True
2216,49.09027777777777,14.620833333333335,4.0,0.0,True
2218,48.96527777777777,9.029166666666669,1.0,0.0,True
2220,48.96527777777777,13.598611111111126,4.0,0.0,True
2222,48.96527777777777,13.768055555555575,4.0,0.0,True
2224,48.96527777777777,13.995833333333335,4.0,0.0,True
2226,48.962500000000006,14.273611111111109,4.0,0.0,True
2228,48.96527777777777,14.495833333333335,6.0,0.0,True
2230,48.831944444444446,9.06805555555556,6.0,0.0,True
2232,48.84027777777777,13.534722222222229,2.0,0.0,True
2234,48.84027777777777,13.745833333333335,4.0,0.0,True
2236,48.84027777777777,13.995833333333335,4.0,0.0,True
2238,48.84027777777777,14.279166666666669,4.0,0.0,True
2240,48.84027777777777,14.515277777777785,4.0,0.0,True
2242,48.71527777777777,14.120833333333335,4.0,0.0,True
2244,48.71527777777777,14.409722222222229,2.0,0.0,True
2246,48.71527777777777,14.634722222222225,4.0,0.0,True
2248,48.59027777777777,14.245833333333335,4.0,0.0,True
2250,48.59027777777777,14.509722222222225,4.0,0.0,True
2252,48.59027777777777,14.745833333333335,4.0,0.0,True
2254,48.21527777777777,15.020833333333345,3.0,0.0,True
2256,47.46527777777777,9.884722222222225,2.0,0.0,True
2258,47.46527777777777,10.176388888888908,3.0,0.0,True
2260,47.34027777777777,9.751388888888895,4.0,0.0,True
2262,47.34027777777777,10.026388888888905,2.0,0.0,True
2264,47.21527777777777,8.95972222222224,2.0,0.0,True
2266,47.21527777777777,9.123611111111131,3.0,0.0,True
2268,47.21527777777777,9.373611111111131,2.0,0.0,True
2270,47.21527777777777,9.662499999999994,2.0,0.0,True
2272,47.21527777777777,9.876388888888895,4.0,0.0,True
2274,47.093055555555566,21.65972222222223,2.0,0.0,True
2276,47.1625,22.11250000000001,1.0,0.0,True
2278,47.09027777777777,8.879166666666663,3.0,0.0,True
2280,47.09027777777777,9.195833333333354,4.0,0.0,True
2282,47.09027777777777,9.409722222222229,2.0,0.0,True
2284,47.09027777777777,9.623611111111131,2.0,0.0,True
2286,47.09027777777777,21.418055555555554,2.0,0.0,True
2288,47.09027777777777,21.65972222222223,2.0,0.0,True
2290,47.09027777777777,22.001388888888897,1.0,0.0,True
2292,46.96527777777777,8.781944444444463,4.0,0.0,True
2294,46.96527777777777,8.998611111111131,2.0,0.0,True
2296,46.96527777777777,9.248611111111131,2.0,0.0,True
2298,46.96527777777777,9.498611111111131,4.0,0.0,True
2300,46.929166666666674,21.256944444444457,6.0,0.0,True
2302,46.962500000000006,21.59027777777777,2.0,0.0,True
2304,46.94861111111112,21.82916666666668,1.0,0.0,True
2306,46.96527777777777,21.99305555555557,1.0,0.0,True
2308,46.96527777777777,22.262500000000017,2.0,0.0,True
2310,46.84027777777777,8.901388888888903,5.0,0.0,True
2312,46.84027777777777,9.123611111111131,2.0,0.0,True
2314,46.83472222222224,9.490277777777775,4.0,0.0,True
2316,46.7875,21.126388888888897,6.0,0.0,True
2318,46.831944444444446,21.406944444444463,2.0,0.0,True
2320,46.84027777777777,21.64861111111111,2.0,0.0,True
2322,46.84027777777777,21.97916666666669,2.0,0.0,True
2324,46.84027777777777,22.21250000000001,1.0,0.0,True
2326,46.84027777777777,22.376388888888897,2.0,0.0,True
2328,46.71527777777777,8.373611111111131,5.0,0.0,True
2330,46.71527777777777,8.623611111111131,4.0,0.0,True
2332,46.71527777777777,8.879166666666663,4.0,0.0,True
2334,46.71527777777777,9.123611111111131,2.0,0.0,True
2336,46.71527777777777,9.373611111111131,2.0,0.0,True
2338,46.67361111111112,15.31805555555556,3.0,0.0,True
2340,46.71527777777777,21.20972222222224,1.0,0.0,True
2342,46.71527777777777,21.376388888888897,1.0,0.0,True
2344,46.61805555555557,21.656944444444463,2.0,0.0,True
2346,46.71527777777777,21.95416666666668,2.0,0.0,True
2348,46.71527777777777,22.131944444444457,2.0,0.0,True
2350,46.71527777777777,22.36805555555557,1.0,0.0,True
2352,46.59027777777777,8.248611111111131,5.0,0.0,True
2354,46.59027777777777,8.498611111111131,2.0,0.0,True
2356,46.59027777777777,8.768055555555549,2.0,0.0,True
2358,46.59027777777777,8.998611111111131,2.0,0.0,True
2360,46.59027777777777,9.248611111111131,2.0,0.0,True
2362,46.59027777777777,15.131944444444455,4.0,0.0,True
2364,46.59027777777777,15.401388888888905,3.0,0.0,True
2366,46.51805555555555,20.376388888888897,2.0,0.0,True
2368,46.57916666666668,20.668055555555554,6.0,0.0,True
2370,46.59027777777777,21.11805555555557,2.0,0.0,True
2372,46.59027777777777,21.418055555555554,2.0,0.0,True
2374,46.59027777777777,21.66527777777779,1.0,0.0,True
2376,46.59027777777777,21.912499999999994,2.0,0.0,True
2378,46.59027777777777,22.11805555555557,1.0,0.0,True
2380,46.59027777777777,22.4375,2.0,0.0,True
2382,46.59027777777777,22.61805555555557,1.0,0.0,True
2384,46.46527777777777,8.409722222222229,2.0,0.0,True
2386,46.46527777777777,8.873611111111131,2.0,0.0,True
2388,46.46527777777777,20.009722222222223,2.0,0.0,True
2390,46.43472222222224,20.3125,6.0,0.0,True
2392,46.41527777777779,20.73750000000001,6.0,0.0,True
2394,46.46527777777777,22.24305555555557,1.0,0.0,True
2396,46.46527777777777,22.518055555555577,1.0,0.0,True
2398,46.46527777777777,22.74305555555557,4.0,0.0,True
2400,46.34027777777777,8.409722222222229,4.0,0.0,True
2402,46.337500000000006,19.634722222222223,2.0,0.0,True
2404,46.34027777777777,19.879166666666663,2.0,0.0,True
2406,46.28472222222223,20.162499999999994,6.0,0.0,True
2408,46.23472222222222,20.47916666666669,6.0,0.0,True
2410,46.34027777777777,20.62361111111113,2.0,0.0,True
2412,46.34027777777777,22.36805555555557,1.0,0.0,True
2414,46.34027777777777,22.61805555555557,1.0,0.0,True
2416,46.34027777777777,22.86805555555557,1.0,0.0,True
2418,46.21527777777777,8.390277777777783,4.0,0.0,True
2420,46.17638888888888,19.59305555555557,3.0,0.0,True
2422,46.10972222222222,20.168055555555554,2.0,0.0,True
2424,46.21527777777777,20.49305555555557,6.0,0.0,True
2426,46.17361111111112,20.745833333333337,6.0,0.0,True
2428,46.21527777777777,22.86805555555557,1.0,0.0,True
2430,46.21527777777777,26.140277777777783,3.0,0.0,True
2432,46.09027777777777,8.248611111111131,1.0,0.0,True
2434,45.973611111111126,19.41527777777779,6.0,0.0,True
2436,45.973611111111126,20.29583333333335,2.0,0.0,True
2438,46.08472222222224,20.61805555555557,6.0,0.0,True
2440,46.09027777777777,26.28472222222223,1.0,0.0,True
2442,45.968055555555566,7.81805555555556,5.0,0.0,True
2444,45.968055555555566,8.070833333333354,4.0,0.0,True
2446,45.968055555555566,8.30694444444444,4.0,0.0,True
2448,45.9125,19.129166666666663,2.0,0.0,True
2450,45.968055555555566,20.29027777777779,2.0,0.0,True
2452,45.968055555555566,26.29027777777779,4.0,0.0,True
2454,45.968055555555566,26.49305555555557,3.0,0.0,True
2456,45.843055555555566,7.873611111111131,2.0,0.0,True
2458,45.843055555555566,8.123611111111131,1.0,0.0,True
2460,45.843055555555566,8.373611111111131,1.0,0.0,True
2462,45.7875,19.120833333333337,6.0,0.0,True
2464,45.843055555555566,20.47638888888889,6.0,0.0,True
2466,45.843055555555566,26.24305555555557,3.0,0.0,True
2468,45.843055555555566,26.49305555555557,3.0,0.0,True
2470,45.718055555555566,7.998611111111131,2.0,0.0,True
2472,45.718055555555566,8.248611111111131,1.0,0.0,True
2474,45.718055555555566,8.509722222222223,1.0,0.0,True
2476,45.64027777777778,19.251388888888897,2.0,0.0,True
2478,45.718055555555566,22.24305555555557,1.0,0.0,True
2480,45.718055555555566,26.24305555555557,4.0,0.0,True
2482,45.718055555555566,26.49305555555557,3.0,0.0,True
2484,45.593055555555566,8.123611111111131,1.0,0.0,True
2486,45.593055555555566,8.373611111111131,1.0,0.0,True
2488,45.593055555555566,22.24305555555557,1.0,0.0,True
2490,45.593055555555566,25.24305555555557,1.0,0.0,True
2492,45.593055555555566,26.245833333333337,3.0,0.0,True
2494,45.468055555555566,7.998611111111131,1.0,0.0,True
2496,45.468055555555566,22.12361111111113,1.0,0.0,True
2498,45.468055555555566,22.36805555555557,1.0,0.0,True
2500,45.468055555555566,25.245833333333337,2.0,0.0,True
2502,45.468055555555566,25.49305555555557,3.0,0.0,True
2504,45.468055555555566,25.74305555555557,1.0,0.0,True
2506,45.223611111111126,8.245833333333337,1.0,0.0,True
2508,45.343055555555566,22.11805555555557,1.0,0.0,True
2510,45.343055555555566,24.99305555555557,1.0,0.0,True
2512,45.343055555555566,25.24305555555557,4.0,0.0,True
2514,45.343055555555566,25.501388888888897,3.0,0.0,True
2516,45.343055555555566,25.754166666666663,3.0,0.0,True
2518,45.218055555555566,6.998611111111131,2.0,0.0,True
2520,45.218055555555566,7.248611111111131,1.0,0.0,True
2522,45.15972222222223,8.106944444444451,1.0,0.0,True
2524,45.218055555555566,18.495833333333337,1.0,0.0,True
2526,45.218055555555566,21.99305555555557,1.0,0.0,True
2528,45.20972222222224,24.876388888888897,1.0,0.0,True
2530,45.218055555555566,25.20138888888889,1.0,0.0,True
2532,45.093055555555566,6.998611111111131,4.0,0.0,True
2534,45.093055555555566,7.756944444444457,1.0,0.0,True
2536,45.093055555555566,18.245833333333337,1.0,0.0,True
2538,45.08472222222224,18.695833333333358,6.0,0.0,True
2540,45.093055555555566,24.74305555555557,1.0,0.0,True
2542,45.093055555555566,24.99305555555557,1.0,0.0,True
2544,44.968055555555566,6.998611111111131,2.0,0.0,True
2546,44.968055555555566,7.248611111111131,1.0,0.0,True
2548,44.95972222222224,18.298611111111114,6.0,0.0,True
2550,44.945833333333326,18.73750000000001,1.0,0.0,True
2552,44.968055555555566,24.781944444444463,1.0,0.0,True
2554,44.968055555555566,24.99305555555557,1.0,0.0,True
2556,44.843055555555566,7.123611111111131,2.0,0.0,True
2558,44.843055555555566,7.7152777777777715,6.0,0.0,True
2560,44.78472222222223,18.537499999999994,1.0,0.0,True
2562,44.843055555555566,24.537499999999994,1.0,0.0,True
2564,44.843055555555566,24.74305555555557,1.0,0.0,True
2566,44.843055555555566,25.059722222222238,1.0,0.0,True
2568,44.718055555555566,7.248611111111131,1.0,0.0,True
2570,44.718055555555566,16.745833333333337,1.0,0.0,True
2572,44.718055555555566,18.52916666666667,1.0,0.0,True
2574,44.718055555555566,18.745833333333337,1.0,0.0,True
2576,44.66527777777779,19.115277777777777,1.0,0.0,True
2578,44.718055555555566,24.49305555555557,1.0,0.0,True
2580,44.695833333333326,25.08750000000001,1.0,0.0,True
2582,44.593055555555566,7.373611111111131,1.0,0.0,True
2584,44.593055555555566,17.620833333333337,3.0,0.0,True
2586,44.593055555555566,18.495833333333337,1.0,0.0,True
2588,44.593055555555566,18.745833333333337,1.0,0.0,True
2590,44.593055555555566,19.018055555555577,1.0,0.0,True
2592,44.4986111111111,24.293055555555554,1.0,0.0,True
2594,44.593055555555566,24.518055555555577,1.0,0.0,True
2596,44.58472222222224,24.804166666666674,1.0,0.0,True
2598,44.468055555555566,7.129166666666663,1.0,0.0,True
2600,44.468055555555566,16.370833333333337,3.0,0.0,True
2602,44.468055555555566,16.620833333333337,3.0,0.0,True
2604,44.468055555555566,17.518055555555577,1.0,0.0,True
2606,44.468055555555566,17.745833333333337,1.0,0.0,True
2608,44.456944444444446,18.643055555555577,6.0,0.0,True
2610,44.468055555555566,18.879166666666663,1.0,0.0,True
2612,44.468055555555566,19.15972222222223,1.0,0.0,True
2614,44.468055555555566,24.126388888888897,1.0,0.0,True
2616,44.451388888888886,24.379166666666663,6.0,0.0,True
2620,44.343055555555566,7.123611111111131,2.0,0.0,True
2622,44.337500000000006,16.440277777777794,2.0,0.0,True
2624,44.343055555555566,16.620833333333337,4.0,0.0,True
2626,44.343055555555566,16.870833333333337,1.0,0.0,True
2628,44.343055555555566,17.620833333333337,4.0,0.0,True
2630,44.343055555555566,17.870833333333337,1.0,0.0,True
2632,44.343055555555566,18.870833333333337,1.0,0.0,True
2634,44.343055555555566,19.120833333333337,1.0,0.0,True
2636,44.23750000000001,24.370833333333337,6.0,0.0,True
2640,44.218055555555566,6.748611111111131,2.0,0.0,True
2642,44.218055555555566,6.998611111111131,2.0,0.0,True
2644,44.218055555555566,17.634722222222223,1.0,0.0,True
2646,44.218055555555566,18.995833333333337,1.0,0.0,True
2648,44.218055555555566,19.259722222222223,1.0,0.0,True
2650,44.218055555555566,19.495833333333337,1.0,0.0,True
2652,44.17638888888888,19.745833333333337,1.0,0.0,True
2654,44.093055555555566,6.770833333333343,4.0,0.0,True
2656,44.093055555555566,17.515277777777783,1.0,0.0,True
2658,44.093055555555566,18.245833333333337,1.0,0.0,True
2660,44.093055555555566,19.120833333333337,1.0,0.0,True
2662,44.093055555555566,19.370833333333337,1.0,0.0,True
2664,44.093055555555566,19.645833333333343,1.0,0.0,True
2666,44.093055555555566,19.923611111111114,4.0,0.0,True
2668,44.03472222222223,20.901388888888903,6.0,0.0,True
2670,44.02083333333334,24.61805555555557,1.0,0.0,True
2672,43.968055555555566,11.748611111111131,1.0,0.0,True
2674,43.968055555555566,19.20416666666668,1.0,0.0,True
2676,43.968055555555566,19.384722222222223,1.0,0.0,True
2678,43.968055555555566,19.631944444444457,1.0,0.0,True
2680,43.968055555555566,19.90416666666667,1.0,0.0,True
2682,43.89861111111111,20.72361111111113,1.0,0.0,True
2684,43.843055555555566,11.512500000000015,1.0,0.0,True
2686,43.843055555555566,11.748611111111131,1.0,0.0,True
2688,43.843055555555566,11.995833333333335,1.0,0.0,True
2690,43.843055555555566,19.245833333333337,4.0,0.0,True
2692,43.843055555555566,19.495833333333337,4.0,0.0,True
2694,43.843055555555566,19.745833333333337,1.0,0.0,True
2696,43.843055555555566,20.662499999999994,1.0,0.0,True
2698,43.71527777777777,11.870833333333335,1.0,0.0,True
2700,43.718055555555566,11.995833333333335,1.0,0.0,True
2702,43.718055555555566,12.245833333333335,1.0,0.0,True
2704,43.718055555555566,18.59305555555557,3.0,0.0,True
2706,43.718055555555566,19.376388888888897,1.0,0.0,True
2708,43.718055555555566,19.640277777777783,4.0,0.0,True
2710,43.718055555555566,19.86805555555557,1.0,0.0,True
2712,43.718055555555566,20.15972222222223,1.0,0.0,True
2714,43.718055555555566,20.406944444444463,1.0,0.0,True
2734,43.593055555555566,11.904166666666669,1.0,0.0,True
2736,43.593055555555566,12.131944444444455,1.0,0.0,True
2738,43.593055555555566,12.370833333333335,1.0,0.0,True
2740,43.52916666666667,12.912499999999994,1.0,0.0,True
2742,43.593055555555566,18.620833333333337,1.0,0.0,True
2744,43.593055555555566,19.55138888888891,4.0,0.0,True
2746,43.593055555555566,19.79583333333335,4.0,0.0,True
2748,43.593055555555566,19.99305555555557,1.0,0.0,True
2750,43.593055555555566,20.24305555555557,1.0,0.0,True
2770,43.46527777777777,12.176388888888908,1.0,0.0,True
2772,43.468055555555566,12.370833333333335,1.0,0.0,True
2774,43.468055555555566,12.640277777777785,1.0,0.0,True
2776,43.468055555555566,12.94861111111112,1.0,0.0,True
2778,43.468055555555566,19.84305555555557,4.0,0.0,True
2780,43.468055555555566,19.995833333333337,1.0,0.0,True
2790,43.343055555555566,12.245833333333335,1.0,0.0,True
2792,43.27916666666667,12.506944444444455,1.0,0.0,True
2794,43.343055555555566,12.745833333333335,1.0,0.0,True
2796,43.343055555555566,18.995833333333337,4.0,0.0,True
2798,43.343055555555566,19.87361111111113,2.0,0.0,True
2810,43.218055555555566,19.004166666666663,2.0,0.0,True
2812,43.218055555555566,23.74305555555557,1.0,0.0,True
2826,43.076388888888886,23.615277777777777,3.0,0.0,True
2828,43.093055555555566,23.74305555555557,1.0,0.0,True
2842,42.968055555555566,0.3902777777777828,1.0,0.0,True
2844,42.968055555555566,0.6569444444444628,1.0,0.0,True
2846,42.968055555555566,0.8763888888888971,1.0,0.0,True
2876,42.843055555555566,0.2513888888888971,2.0,0.0,True
2878,42.843055555555566,0.5319444444444628,1.0,0.0,True
2880,42.837500000000006,0.7513888888888971,1.0,0.0,True
2882,42.843055555555566,1.001388888888897,1.0,0.0,True
2910,42.718055555555566,1.751388888888897,3.0,0.0,True
2912,42.718055555555566,2.0541666666666742,3.0,0.0,True
2914,42.718055555555566,2.2736111111111086,3.0,0.0,True
2916,42.718055555555566,2.501388888888897,4.0,0.0,True
2918,42.718055555555566,23.23750000000001,6.0,0.0,True
2934,42.593055555555566,1.751388888888897,2.0,0.0,True
2936,42.593055555555566,2.001388888888897,2.0,0.0,True
2938,42.593055555555566,2.251388888888897,4.0,0.0,True
2940,42.593055555555566,2.501388888888897,4.0,0.0,True
2942,42.593055555555566,23.11805555555557,6.0,0.0,True
2944,42.593055555555566,23.393055555555577,1.0,0.0,True
2958,42.468055555555566,2.376388888888897,4.0,0.0,True
2960,42.462500000000006,19.80138888888891,5.0,0.0,True
2962,42.468055555555566,23.24305555555557,1.0,0.0,True
2968,42.33472222222224,19.49861111111113,1.0,0.0,True
2970,42.343055555555566,19.745833333333337,1.0,0.0,True
2976,42.19861111111112,13.776388888888905,2.0,0.0,True
2978,42.218055555555566,19.745833333333337,1.0,0.0,True
2980,42.218055555555566,19.99305555555557,1.0,0.0,True
2982,42.07916666666668,13.804166666666674,2.0,0.0,True
2984,42.093055555555566,19.84027777777777,4.0,0.0,True
2986,42.093055555555566,19.99861111111113,1.0,0.0,True
2988,42.093055555555566,23.137500000000017,1.0,0.0,True
2992,41.97083333333333,13.759722222222225,2.0,0.0,True
2994,41.97083333333333,20.04583333333335,4.0,0.0,True
2996,41.97083333333333,20.251388888888897,1.0,0.0,True
3006,41.84583333333333,13.870833333333335,2.0,0.0,True
3008,41.84583333333333,20.23194444444445,1.0,0.0,True
3010,41.84583333333333,20.43194444444444,2.0,0.0,True
3022,41.72083333333333,13.787499999999994,1.0,0.0,True
3024,41.72083333333333,13.995833333333335,1.0,0.0,True
3026,41.72083333333333,19.99861111111113,1.0,0.0,True
3028,41.72083333333333,20.24305555555557,2.0,0.0,True
3030,41.72083333333333,20.49305555555557,2.0,0.0,True
3040,41.59583333333333,13.754166666666665,2.0,0.0,True
3042,41.59583333333333,13.995833333333335,1.0,0.0,True
3044,41.55972222222224,20.037499999999994,1.0,0.0,True
3046,41.59583333333333,20.268055555555577,1.0,0.0,True
3048,41.59583333333333,20.52361111111111,1.0,0.0,True
3058,41.47083333333333,20.276388888888903,1.0,0.0,True
3060,41.47083333333333,20.501388888888897,1.0,0.0,True
3062,41.47083333333333,20.74305555555557,1.0,0.0,True
3070,41.34583333333333,20.36805555555557,1.0,0.0,True
3072,41.34583333333333,20.61805555555557,1.0,0.0,True
3074,41.34583333333333,20.86805555555557,1.0,0.0,True
3082,41.22083333333333,20.24305555555557,1.0,0.0,True
3084,41.22083333333333,20.49305555555557,1.0,0.0,True
3086,41.22083333333333,20.781944444444463,1.0,0.0,True
3088,41.22083333333333,20.99305555555557,1.0,0.0,True
3096,41.09583333333333,20.36805555555557,1.0,0.0,True
3098,41.09583333333333,20.61805555555557,1.0,0.0,True
3100,41.09583333333333,20.86805555555557,2.0,0.0,True
3102,41.09583333333333,21.11805555555557,1.0,0.0,True
3110,40.962500000000006,15.618055555555571,1.0,0.0,True
3112,40.97083333333333,20.32638888888889,1.0,0.0,True
3114,40.97083333333333,20.86805555555557,1.0,0.0,True
3116,40.97083333333333,38.86250000000001,6.0,0.0,True
3118,40.97083333333333,39.11250000000001,1.0,0.0,True
3128,40.84583333333333,15.726388888888891,1.0,0.0,True
3130,40.84583333333333,20.41527777777779,1.0,0.0,True
3132,40.84583333333333,38.86250000000001,1.0,0.0,True
3134,40.84583333333333,39.11250000000001,1.0,0.0,True
3144,40.65972222222223,17.19861111111112,1.0,0.0,True
3146,40.72083333333333,20.065277777777798,1.0,0.0,True
3148,40.72083333333333,20.265277777777783,4.0,0.0,True
3158,40.593055555555566,17.11250000000001,6.0,0.0,True
3160,40.59583333333333,19.84861111111113,1.0,0.0,True
3162,40.59583333333333,19.99305555555557,1.0,0.0,True
3178,40.456944444444446,15.870833333333335,1.0,0.0,True
3180,40.47083333333333,16.168055555555554,1.0,0.0,True
3202,40.34583333333333,15.968055555555566,2.0,0.0,True
3204,40.331944444444446,16.18194444444444,1.0,0.0,True
3206,40.34583333333333,20.370833333333337,1.0,0.0,True
3224,40.22083333333333,15.884722222222225,1.0,0.0,True
3226,40.22083333333333,16.137500000000017,1.0,0.0,True
3228,40.22083333333333,20.256944444444457,2.0,0.0,True
3246,40.09583333333333,15.781944444444465,1.0,0.0,True
3248,40.09583333333333,16.04027777777779,1.0,0.0,True
3266,39.97083333333333,16.120833333333337,2.0,0.0,True
3268,39.9375,28.49305555555557,1.0,0.0,True
3284,39.84583333333333,28.490277777777777,1.0,0.0,True
3308,39.5625,28.615277777777777,4.0,0.0,True
3372,38.73194444444445,32.2513888888889,2.0,0.0,True
3384,38.54861111111112,38.8402777777778,2.0,0.0,True
3386,38.49583333333334,38.99305555555557,2.0,0.0,True
3388,38.3736111111111,38.61250000000001,2.0,0.0,True
3392,38.3125,38.64583333333334,2.0,0.0,True
3410,38.0625,39.55972222222224,2.0,0.0,True
3412,38.02361111111111,39.97083333333333,2.0,0.0,True
3422,37.97361111111111,39.48750000000001,2.0,0.0,True
3424,37.85694444444445,39.77361111111111,2.0,0.0,True
3430,37.76527777777778,30.73750000000001,5.0,0.0,True
3432,37.831944444444446,39.66527777777779,2.0,0.0,True
3434,37.82361111111112,39.86250000000001,2.0,0.0,True
3442,37.704166666666666,30.70416666666668,4.0,0.0,True
3444,37.72361111111111,31.34305555555557,4.0,0.0,True
3450,37.59861111111111,31.10138888888889,4.0,0.0,True
3458,37.47361111111111,29.615277777777777,4.0,0.0,True
3466,37.28194444444445,29.60138888888889,4.0,0.0,True
3474,37.22361111111111,29.445833333333358,4.0,0.0,True
3698,34.84861111111111,37.73750000000001,5.0,0.0,True
3714,34.72361111111111,37.3402777777778,5.0,0.0,True
3716,34.72361111111111,37.48750000000001,5.0,0.0,True
3732,34.59861111111111,36.99305555555557,5.0,0.0,True
3734,34.59861111111111,37.23750000000001,5.0,0.0,True
3736,34.59861111111111,37.48750000000001,5.0,0.0,True
3748,34.39027777777778,36.59583333333333,5.0,0.0,True
3750,34.454166666666666,36.85138888888889,5.0,0.0,True
3752,34.47361111111111,36.99861111111113,5.0,0.0,True
3754,34.47361111111111,37.23750000000001,5.0,0.0,True
3772,34.293055555555554,36.12361111111113,5.0,0.0,True
3774,34.34861111111111,36.604166666666686,5.0,0.0,True
3776,34.34861111111111,36.73750000000001,5.0,0.0,True
3778,34.34861111111111,36.98750000000001,5.0,0.0,True
3780,34.34861111111111,37.23750000000001,5.0,0.0,True
3836,33.97638888888889,37.98750000000001,5.0,0.0,True
3838,33.97638888888889,38.23750000000001,5.0,0.0,True
3840,33.97638888888889,38.48750000000001,5.0,0.0,True
3858,33.85138888888889,37.73750000000001,5.0,0.0,True
3860,33.85138888888889,37.98750000000001,5.0,0.0,True
3862,33.85138888888889,38.23750000000001,5.0,0.0,True
3864,33.85138888888889,38.48750000000001,5.0,0.0,True
3880,33.72638888888889,37.61250000000001,5.0,0.0,True
3882,33.72638888888889,37.86250000000001,5.0,0.0,True
3884,33.72638888888889,38.11250000000001,5.0,0.0,True
3886,33.72638888888889,38.36250000000001,5.0,0.0,True
3888,33.72638888888889,38.61250000000001,5.0,0.0,True
3908,33.60138888888889,37.48750000000001,5.0,0.0,True
3910,33.60138888888889,37.73750000000001,5.0,0.0,True
3912,33.60138888888889,37.98750000000001,5.0,0.0,True
3914,33.60138888888889,38.23750000000001,5.0,0.0,True
3916,33.60138888888889,38.48750000000001,5.0,0.0,True
3918,33.60138888888889,38.73750000000001,5.0,0.0,True
3934,33.47638888888889,37.98750000000001,5.0,0.0,True
3936,33.47638888888889,38.86250000000001,5.0,0.0,True
3946,33.35138888888889,38.11250000000001,5.0,0.0,True
4142,31.72638888888889,9.498611111111131,5.0,0.0,True
4164,31.60138888888889,9.498611111111131,5.0,0.0,True
4192,31.47638888888889,9.248611111111131,5.0,0.0,True
4194,31.47638888888889,9.498611111111131,5.0,0.0,True
4196,31.47638888888889,9.748611111111131,5.0,0.0,True
4216,31.35138888888889,9.373611111111131,5.0,0.0,True
4218,31.35138888888889,9.623611111111131,5.0,0.0,True
4220,31.35138888888889,9.873611111111131,5.0,0.0,True
4242,31.22638888888889,9.373611111111131,5.0,0.0,True
4244,31.22638888888889,9.623611111111131,5.0,0.0,True
4264,31.10138888888889,9.248611111111131,5.0,0.0,True
4266,31.10138888888889,9.498611111111131,5.0,0.0,True
4280,30.97638888888889,24.74305555555557,5.0,0.0,True
4296,30.85138888888889,24.86805555555557,5.0,0.0,True
4308,30.72638888888889,24.74305555555557,5.0,0.0,True
4322,30.60138888888889,24.86805555555557,5.0,0.0,True
4334,30.47638888888889,1.001388888888897,5.0,0.0,True
4336,30.47638888888889,1.251388888888897,5.0,0.0,True
4338,30.47638888888889,1.501388888888897,5.0,0.0,True
4340,30.47638888888889,24.86805555555557,5.0,0.0,True
4342,30.47638888888889,25.86805555555557,5.0,0.0,True
4344,30.47638888888889,26.11805555555557,5.0,0.0,True
4346,30.47638888888889,26.36805555555557,5.0,0.0,True
4348,30.47638888888889,26.61805555555557,5.0,0.0,True
4374,30.35138888888889,1.001388888888897,5.0,0.0,True
4376,30.35138888888889,1.251388888888897,5.0,0.0,True
4378,30.35138888888889,1.501388888888897,5.0,0.0,True
4380,30.35138888888889,25.74305555555557,5.0,0.0,True
4382,30.35138888888889,25.99305555555557,5.0,0.0,True
4384,30.35138888888889,26.24305555555557,5.0,0.0,True
4386,30.35138888888889,26.49305555555557,5.0,0.0,True
4412,30.22638888888889,1.751388888888897,5.0,0.0,True
4414,30.22638888888889,26.24305555555557,5.0,0.0,True
4438,30.10138888888889,0.8763888888888971,5.0,0.0,True
4440,30.10138888888889,1.876388888888897,5.0,0.0,True
